fork,cpu,variant,workload,sample,cycles,elapsed_ns,ns_per_cycle,bytes_per_cycle,checksum
0,3,ec,same_64,0,293824,300503386,1022.732609,0.000000,3388743009555150848
0,3,ec,same_64,1,377024,300028787,795.781666,0.000000,-8533473411244484608
0,3,ec,same_64,2,385728,300041947,777.858872,0.000000,-8702295629418964992
0,3,ec,same_64,3,404672,300013747,741.375106,0.000000,6121704074079737856
0,3,ec,same_64,4,358912,301886584,841.115884,0.000000,7144899883406671872
0,3,ac,same_64,0,397632,300024306,754.527568,0.000000,-6491704006284269568
0,3,ac,same_64,1,401088,300024707,748.027134,0.000000,-4659806820618741760
0,3,ac,same_64,2,412480,300016706,727.348492,0.000000,-1354181886196750336
0,3,ac,same_64,3,425408,300002627,705.211531,0.000000,-1333656885636646912
0,3,ac,same_64,4,422528,300022907,710.066332,0.000000,-9009152564927770624
0,1,ac,singleton_64,0,185472,300015706,1617.579505,0.000000,373911552
0,1,ac,singleton_64,1,155008,300039947,1935.641689,0.000000,312496128
0,1,ac,singleton_64,2,159232,300633826,1888.023927,0.000000,321011712
0,1,ac,singleton_64,3,196352,300064787,1528.198271,0.000000,395845632
0,1,ac,singleton_64,4,205760,300007267,1458.044649,0.000000,414812160
0,1,ec,singleton_64,0,293824,300066586,1021.246004,0.000000,592349184
0,1,ec,singleton_64,1,289792,300007547,1035.251308,0.000000,584220672
0,1,ec,singleton_64,2,294208,300048346,1019.851078,0.000000,593123328
0,1,ec,singleton_64,3,292288,300055587,1026.575114,0.000000,589252608
0,1,ec,singleton_64,4,293120,300017387,1023.530933,0.000000,590929920
0,1,ec,mixed_256,0,66560,300131827,4509.192112,0.000000,1428677680734847488
0,1,ec,mixed_256,1,65152,300236986,4608.254328,0.000000,-6831630164628035776
0,1,ec,mixed_256,2,65856,300140026,4557.519831,0.000000,-2701476241946594144
0,1,ec,mixed_256,3,67520,300085227,4444.390210,0.000000,-6355108114670133280
0,1,ec,mixed_256,4,66688,300215907,4501.798030,0.000000,-4528292178308363712
0,1,ac,mixed_256,0,55808,300053507,5376.532164,0.000000,3752055850206694656
0,1,ac,mixed_256,1,54208,300181666,5537.589765,0.000000,4427202793408628192
0,1,ac,mixed_256,2,60288,300276626,4980.703059,0.000000,-1827704405500629568
0,1,ac,mixed_256,3,60608,300052027,4950.700023,0.000000,1726615020600894048
0,1,ac,mixed_256,4,61760,300012987,4857.723235,0.000000,3454118510340648096
0,3,ac,descending_16,0,1243904,300003347,241.178859,0.000000,8292472065104533504
0,3,ac,descending_16,1,1305408,300006027,229.817825,0.000000,-907168709321467392
0,3,ac,descending_16,2,1318272,300009427,227.577789,0.000000,-4136623852580443136
0,3,ac,descending_16,3,1374144,300004067,218.320691,0.000000,559005256731311616
0,3,ac,descending_16,4,1088448,302383343,277.811474,0.000000,-7286961670622487040
0,3,ec,descending_16,0,1119744,300005146,267.922977,0.000000,6056293632727101440
0,3,ec,descending_16,1,1286528,300007547,233.191619,0.000000,-2958759725207581696
0,3,ec,descending_16,2,1307392,300001987,229.465980,0.000000,5936743810358810624
0,3,ec,descending_16,3,1285696,300011427,233.345540,0.000000,-7613956337367977472
0,3,ec,descending_16,4,1222912,300025746,245.337151,0.000000,-6995136818089474048
0,1,ac,interleaved_256,0,32704,300159946,9178.080541,0.000000,-6821328633397448308
0,1,ac,interleaved_256,1,31040,300522866,9681.793363,0.000000,-6546453767798789692
0,1,ac,interleaved_256,2,30592,300273586,9815.428413,0.000000,622452570519907480
0,1,ac,interleaved_256,3,32384,300208426,9270.270072,0.000000,8840315364664222024
0,1,ac,interleaved_256,4,32832,300142666,9141.772234,0.000000,1671409026345524852
0,1,ec,interleaved_256,0,35200,300177907,8527.781449,0.000000,-7233640931795436232
0,1,ec,interleaved_256,1,33728,300529146,8910.375534,0.000000,5780340423417682124
0,1,ec,interleaved_256,2,33472,300367506,8973.694610,0.000000,7241609177641287420
0,1,ec,interleaved_256,3,34944,300351547,8595.225132,0.000000,-5772372177571830936
0,1,ec,interleaved_256,4,34048,300180547,8816.392945,0.000000,8565440499065563408
1,3,ec,singleton_64,0,301056,300018826,996.554880,0.000000,606928896
1,3,ec,singleton_64,1,307648,300033267,975.248554,0.000000,620218368
1,3,ec,singleton_64,2,305472,300024467,982.166834,0.000000,615831552
1,3,ec,singleton_64,3,300992,300009067,996.734355,0.000000,606799872
1,3,ec,singleton_64,4,304256,300056667,986.198027,0.000000,613380096
1,3,ac,singleton_64,0,213888,300037026,1402.776341,0.000000,431198208
1,3,ac,singleton_64,1,195648,300069187,1533.719675,0.000000,394426368
1,3,ac,singleton_64,2,195840,300008787,1531.907613,0.000000,394813440
1,3,ac,singleton_64,3,208128,300086107,1441.834386,0.000000,419586048
1,3,ac,singleton_64,4,212032,300056467,1415.147086,0.000000,427456512
1,1,ac,same_64,0,414336,300009056,724.071903,0.000000,8511380415668965376
1,1,ac,same_64,1,423104,300011816,709.073457,0.000000,3593993015156185088
1,1,ac,same_64,2,418368,300001255,717.075051,0.000000,4499679107708897280
1,1,ac,same_64,3,414912,300027295,723.110672,0.000000,2667781922043369472
1,1,ac,same_64,4,415424,300027815,722.220707,0.000000,1572748610756073472
1,1,ec,same_64,0,333120,300005576,900.593108,0.000000,2355284699948165120
1,1,ec,same_64,1,331072,300001775,906.152665,0.000000,6735417945097349120
1,1,ec,same_64,2,371200,300007415,808.209631,0.000000,-689155513778880512
1,1,ec,same_64,3,347008,300016535,864.581033,0.000000,4934308260271976448
1,1,ec,same_64,4,342592,301724092,880.709684,0.000000,543912514842740736
1,3,ec,descending_16,0,1185024,300013055,253.170446,0.000000,956319876220233728
1,3,ec,descending_16,1,1255616,300001496,238.927742,0.000000,2874301014325675520
1,3,ec,descending_16,2,1257472,300000855,238.574581,0.000000,3326108186378338304
1,3,ec,descending_16,3,1224832,300007575,244.937734,0.000000,-3347276972223003648
1,3,ec,descending_16,4,1212480,300005895,247.431624,0.000000,7003855487836881408
1,3,ac,descending_16,0,1184128,300011255,253.360494,0.000000,-6894929409753969664
1,3,ac,descending_16,1,1405440,301490573,214.516858,0.000000,-4544483513628651520
1,3,ac,descending_16,2,1348736,300005216,222.434350,0.000000,4551434838608749568
1,3,ac,descending_16,3,1049664,300010015,285.815285,0.000000,-7186754262286982656
1,3,ac,descending_16,4,1052160,300005856,285.133303,0.000000,6778835574194204672
1,1,ac,mixed_256,0,60544,300275815,4959.629608,0.000000,4705099950122499648
1,1,ac,mixed_256,1,60544,300243736,4959.099762,0.000000,4705099950122499648
1,1,ac,mixed_256,2,57472,300064016,5221.047049,0.000000,98423977483155520
1,1,ac,mixed_256,3,57024,300219456,5264.791246,0.000000,2501074410424843104
1,1,ac,mixed_256,4,55680,300022256,5388.330747,0.000000,-8737718364459645760
1,1,ec,mixed_256,0,63616,300111416,4717.546152,0.000000,-9134968150947707840
1,1,ec,mixed_256,1,57792,300269096,5195.686185,0.000000,3652743403584679136
1,1,ec,mixed_256,2,67520,300037137,4443.677977,0.000000,-6355108114670133280
1,1,ec,mixed_256,3,61568,300244136,4876.626429,0.000000,-6057170774804086720
1,1,ec,mixed_256,4,69760,300190176,4303.184862,0.000000,78383794330980416
1,3,ec,interleaved_256,0,31488,300411255,9540.499714,0.000000,4731383967592064752
1,3,ec,interleaved_256,1,30272,300514295,9927.137123,0.000000,-2162647505127973804
1,3,ec,interleaved_256,2,30528,300076496,9829.549790,0.000000,-3623916259351579100
1,3,ec,interleaved_256,3,30720,300069616,9767.891146,0.000000,9115190230262880640
1,3,ec,interleaved_256,4,31680,300242936,9477.365404,0.000000,-976253616503027124
1,3,ac,interleaved_256,0,24064,300597175,12491.571435,0.000000,-8232054381052036512
1,3,ac,interleaved_256,1,28288,300125336,10609.634333,0.000000,-4672872715177196472
1,3,ac,interleaved_256,2,16192,310131317,19153.366910,0.000000,4420157682332111012
1,3,ac,interleaved_256,3,11968,310144157,25914.451621,0.000000,860976016457270972
1,3,ac,interleaved_256,4,20032,300362416,14994.130192,0.000000,947870442687583188
2,1,ac,singleton_64,0,136128,300002857,2203.829168,0.000000,274434048
2,1,ac,singleton_64,1,213120,300078456,1408.025788,0.000000,429649920
2,1,ac,singleton_64,2,192128,300006816,1561.494504,0.000000,387330048
2,1,ac,singleton_64,3,118976,300046496,2521.907746,0.000000,239855616
2,1,ac,singleton_64,4,116352,300041576,2578.740168,0.000000,234565632
2,1,ec,singleton_64,0,224000,305175607,1362.391103,0.000000,451584000
2,1,ec,singleton_64,1,140608,304683007,2166.896670,0.000000,283465728
2,1,ec,singleton_64,2,236032,300036377,1271.168219,0.000000,475840512
2,1,ec,singleton_64,3,308736,312768392,1013.060971,0.000000,622411776
2,1,ec,singleton_64,4,118848,300727495,2530.353855,0.000000,239597568
2,3,ec,same_64,0,306944,300004736,977.392410,0.000000,7610316536809906176
2,3,ec,same_64,1,304000,300011697,986.880582,0.000000,4683386039857082368
2,3,ec,same_64,2,250944,300003817,1195.501056,0.000000,-6359309575536343040
2,3,ec,same_64,3,364608,301768773,827.652638,0.000000,8797712350617667584
2,3,ec,same_64,4,268352,300013017,1117.983160,0.000000,-6696954011885303808
2,3,ac,same_64,0,195136,300279257,1538.820397,0.000000,2318856912521611264
2,3,ac,same_64,1,196096,300011177,1529.919922,0.000000,4877355472285319168
2,3,ac,same_64,2,174016,306053205,1758.764740,0.000000,1372120818848692224
2,3,ac,same_64,3,191552,300021297,1566.265541,0.000000,-8462653982176868352
2,3,ac,same_64,4,340224,300038297,881.884573,0.000000,-8226616475735678976
2,1,ac,descending_16,0,631680,300840536,476.254648,0.000000,1107524498947906560
2,1,ac,descending_16,1,935296,300004298,320.758667,0.000000,-42219517600191488
2,1,ac,descending_16,2,1086656,301074456,277.065102,0.000000,-4542716168861342208
2,1,ac,descending_16,3,535936,300613776,560.913572,0.000000,-2480560435734418432
2,1,ac,descending_16,4,788288,300002337,380.574532,0.000000,428930068485257728
2,1,ec,descending_16,0,650880,300010218,460.930153,0.000000,692634810193507328
2,1,ec,descending_16,1,489344,301210616,615.539612,0.000000,-4917153684782859264
2,1,ec,descending_16,2,567424,300005418,528.714714,0.000000,2004108815347041280
2,1,ec,descending_16,3,515520,300001498,581.939591,0.000000,-7450439328313709056
2,1,ec,descending_16,4,497600,305240528,613.425498,0.000000,1545271615588187648
2,3,ec,mixed_256,0,52416,300062458,5724.634806,0.000000,-4408939548534173088
2,3,ec,mixed_256,1,63040,300247617,4762.811183,0.000000,-775347858962809056
2,3,ec,mixed_256,2,62784,302010934,4810.316864,0.000000,-7308152214585938272
2,3,ec,mixed_256,3,56704,300076698,5291.984657,0.000000,-1053245015676680512
2,3,ec,mixed_256,4,41792,300230298,7183.917927,0.000000,-8042531238105537120
2,3,ac,mixed_256,0,32448,301896814,9304.019169,0.000000,2541154776729193312
2,3,ac,mixed_256,1,27776,306852445,11047.395053,0.000000,-1390374252708217280
2,3,ac,mixed_256,2,28224,300156018,10634.779549,0.000000,-3793024685649904864
2,3,ac,mixed_256,3,23424,300917616,12846.551230,0.000000,-1767583856044104256
2,3,ac,mixed_256,4,34688,300608976,8666.079797,0.000000,8974646685730307008
2,1,ac,interleaved_256,0,17920,300428817,16765.000949,0.000000,8391651646604938976
2,1,ac,interleaved_256,1,28032,300100058,10705.624215,0.000000,-3211603960953591176
2,1,ac,interleaved_256,2,23104,300209618,12993.837344,0.000000,1859389465713871252
2,1,ac,interleaved_256,3,16448,300300658,18257.578915,0.000000,2958888928108505716
2,1,ac,interleaved_256,4,23424,300730737,12838.573130,0.000000,4644489541361752536
2,1,ec,interleaved_256,0,27072,300130258,11086.371823,0.000000,6879839885812316588
2,1,ec,interleaved_256,1,28864,300575097,10413.494214,0.000000,-3349041393752920484
2,1,ec,interleaved_256,2,27072,300252018,11090.869459,0.000000,6879839885812316588
2,1,ec,interleaved_256,3,30656,300414418,9799.530859,0.000000,4868821400391394060
2,1,ec,interleaved_256,4,28160,300691657,10677.970774,0.000000,5281133698789381984
