fork,variant,workload,sample,cycles,elapsed_ns,ns_per_cycle,bytes_per_cycle,checksum
0,ac,singleton_64,0,202304,250075003,1236.134743,0.000000,407844864
0,ac,singleton_64,1,208064,250011402,1201.608169,0.000000,419457024
0,ac,singleton_64,2,207680,250031922,1203.928746,0.000000,418682880
0,ac,singleton_64,3,207744,250012362,1203.463696,0.000000,418811904
0,ac,singleton_64,4,207488,250073162,1205.241566,0.000000,418295808
0,ec,singleton_64,0,419904,250037042,595.462396,0.000000,846526464
0,ec,singleton_64,1,421440,250020162,593.252093,0.000000,849623040
0,ec,singleton_64,2,423616,250023162,590.211800,0.000000,854009856
0,ec,singleton_64,3,396416,250000442,630.651745,0.000000,799174656
0,ec,singleton_64,4,414592,250016722,603.042804,0.000000,835817472
0,ec,same_64,0,450240,250011402,555.284741,0.000000,897459738058151936
0,ec,same_64,1,460480,250012642,542.939198,0.000000,-2556462413978216448
0,ec,same_64,2,454464,250003842,550.107032,0.000000,1086806956792735744
0,ec,same_64,3,465984,250014482,536.530186,0.000000,-5104698473461872640
0,ec,same_64,4,467840,250029163,534.433060,0.000000,4760863828403843072
0,ac,same_64,0,396864,250015883,629.978741,0.000000,-4849154039353325568
0,ac,same_64,1,411712,250033082,607.300934,0.000000,288368080734193664
0,ac,same_64,2,415360,250015842,601.925660,0.000000,6321313793094373376
0,ac,same_64,3,415232,250034722,602.156679,0.000000,-2628299915938578432
0,ac,same_64,4,391360,250013642,638.832896,0.000000,-2300917979869669376
0,ac,ascending_16,0,646208,250008642,386.885712,0.000000,-560514474651099648
0,ac,ascending_16,1,1236416,250004402,202.200879,0.000000,1107099786486174208
0,ac,ascending_16,2,1241024,250010762,201.455219,0.000000,2884381992061288960
0,ac,ascending_16,3,1238784,250005482,201.815233,0.000000,7400725719183116288
0,ac,ascending_16,4,1241280,250007682,201.411190,0.000000,6057577237989276160
0,ec,ascending_16,0,1234880,250006522,202.454102,0.000000,514672384627802624
0,ec,ascending_16,1,1256896,250011682,198.911988,0.000000,-3291697571208572416
0,ec,ascending_16,2,1229248,250010762,203.385128,0.000000,4491353269050290688
0,ec,ascending_16,3,1164736,251310760,215.766285,0.000000,-1943853535291764224
0,ec,ascending_16,4,1070656,250007202,233.508430,0.000000,3275142266729467392
0,ec,descending_16,0,1367808,250005042,182.777877,0.000000,-2255560197773264896
0,ec,descending_16,1,1453312,250001042,172.021591,0.000000,6472930990567286784
0,ec,descending_16,2,1457600,250006403,171.519212,0.000000,-752468748422222336
0,ec,descending_16,3,1355840,250003883,184.390402,0.000000,8825144231459914240
0,ec,descending_16,4,1437760,250002882,173.883598,0.000000,4595382349613203968
0,ac,descending_16,0,1351424,250008562,184.996390,0.000000,-8788305450887743488
0,ac,descending_16,1,1389056,250010842,179.986150,0.000000,7369515306966421504
0,ac,descending_16,2,1394432,250007962,179.290178,0.000000,-863221198317012992
0,ac,descending_16,3,1384384,250007402,180.591080,0.000000,-4581400996926915072
0,ac,descending_16,4,1391424,250006363,179.676621,0.000000,-3503744277889558016
0,ac,mixed_256,0,56832,250262761,4403.553649,0.000000,-7010214874719891712
0,ac,mixed_256,1,58432,250186362,4281.666929,0.000000,-7685361817921825248
0,ac,mixed_256,2,58496,250105282,4275.596314,0.000000,7782897326266120768
0,ac,mixed_256,3,58688,250116682,4261.802788,0.000000,-1152557462298696032
0,ac,mixed_256,4,58304,250266242,4292.436917,0.000000,-1728391958878614048
0,ec,mixed_256,0,75968,250191282,3293.377238,0.000000,6313250810088063072
0,ec,mixed_256,1,78784,250055362,3173.935850,0.000000,4387122427104277984
0,ec,mixed_256,2,55552,250053522,4501.251476,0.000000,-2780748505416434560
0,ec,mixed_256,3,77056,250093722,3245.609972,0.000000,-7427504844360128896
0,ec,mixed_256,4,77952,250031602,3207.507210,0.000000,6213938363466047552
0,ec,sparse_256,0,92352,250094762,2708.060053,0.000000,-9073075571249094656
0,ec,sparse_256,1,94976,250162842,2633.958495,0.000000,-2760095421931356160
0,ec,sparse_256,2,94912,250074082,2634.799414,0.000000,2934897085602947072
0,ec,sparse_256,3,94720,250087122,2640.277893,0.000000,1573130534496305152
0,ec,sparse_256,4,95040,250039563,2630.887658,0.000000,-8455087929465659392
0,ac,sparse_256,0,74624,250254122,3353.534011,0.000000,466602750441013248
0,ac,sparse_256,1,76928,250058602,3250.553791,0.000000,-1638942709988835328
0,ac,sparse_256,2,76608,250026722,3263.715565,0.000000,8389275753973129216
0,ac,sparse_256,3,76736,250030042,3258.314768,0.000000,-3000709261095477248
0,ac,sparse_256,4,76352,250066722,3275.182340,0.000000,-5724242363308761088
0,ac,reprioritize_128,0,79936,250110842,3128.888636,0.000000,6846007982398494608
0,ac,reprioritize_128,1,80000,250122482,3126.531025,0.000000,-3265420106079203040
0,ac,reprioritize_128,2,81344,250155522,3075.279332,0.000000,5755518920403765744
0,ac,reprioritize_128,3,80192,250047523,3118.110572,0.000000,3293783775906807248
0,ac,reprioritize_128,4,73088,250102602,3421.937965,0.000000,410913100648597600
0,ec,reprioritize_128,0,102400,250061922,2442.010957,0.000000,-490388921039469568
0,ec,reprioritize_128,1,112320,250017202,2225.936627,0.000000,211503630229282352
0,ec,reprioritize_128,2,116544,250105002,2146.013540,0.000000,-3059963555754904240
0,ec,reprioritize_128,3,118144,250005042,2116.104432,0.000000,2408751264236377184
0,ec,reprioritize_128,4,111936,250107122,2234.376090,0.000000,5539839939966813392
0,ec,duplicates_128,0,130432,250027602,1916.919176,0.000000,8770325999868758016
0,ec,duplicates_128,1,132992,250106643,1880.614195,0.000000,-326167077404956672
0,ec,duplicates_128,2,133440,250061242,1873.960147,0.000000,5460644263555963904
0,ec,duplicates_128,3,130816,250054042,1911.494328,0.000000,-7351543220689940480
0,ec,duplicates_128,4,132928,250073322,1881.268973,0.000000,-3788103565215024128
0,ac,duplicates_128,0,115264,250015002,2169.064079,0.000000,-51882367896957952
0,ac,duplicates_128,1,121280,250130802,2062.424159,0.000000,-6671245840522546176
0,ac,duplicates_128,2,121792,250111122,2053.592371,0.000000,2577501988248441856
0,ac,duplicates_128,3,122368,250049362,2043.421172,0.000000,-3158557768880054272
0,ac,duplicates_128,4,122304,250034842,2044.371746,0.000000,-6620494256690121728
0,ac,interleaved_256,0,32128,250435642,7794.934076,0.000000,-8145159954821724296
0,ac,interleaved_256,1,30784,250179482,8126.932238,0.000000,-5085185013575184396
0,ac,interleaved_256,2,32128,250151202,7786.080740,0.000000,-8145159954821724296
0,ac,interleaved_256,3,31424,250364882,7967.314218,0.000000,485015137720578172
0,ac,interleaved_256,4,32128,250051282,7782.970680,0.000000,-8145159954821724296
0,ec,interleaved_256,0,33344,250423361,7510.297535,0.000000,-1251128482101685740
0,ec,interleaved_256,1,32256,250034322,7751.560082,0.000000,347577704921248864
0,ec,interleaved_256,2,33216,250191322,7532.253191,0.000000,8702877931864892716
0,ec,interleaved_256,3,33344,250297721,7506.529541,0.000000,-1251128482101685740
0,ec,interleaved_256,4,33344,250088202,7500.245981,0.000000,-1251128482101685740
0,ec,fanout_24,0,60416,250111042,4139.814652,0.000000,-5530445540749778944
0,ec,fanout_24,1,62272,250236802,4018.448131,0.000000,7626648249068198400
0,ec,fanout_24,2,62208,250164122,4021.413998,0.000000,-4912842481631782912
0,ec,fanout_24,3,62208,250115242,4020.628247,0.000000,-4912842481631782912
0,ec,fanout_24,4,62272,250116162,4016.510823,0.000000,7626648249068198400
0,ac,fanout_24,0,49024,250171082,5103.032841,0.000000,-5503762686490706944
0,ac,fanout_24,1,49024,250196882,5103.559114,0.000000,-5503762686490706944
0,ac,fanout_24,2,49600,250291842,5046.206492,0.000000,-3328810552448184832
0,ac,fanout_24,3,48896,250051242,5113.940650,0.000000,6310743999528433664
0,ac,fanout_24,4,48256,250315521,5187.241400,0.000000,-8403698865214069760
0,ac,clear_256,0,92160,250080482,2713.546897,0.000000,23592960
0,ac,clear_256,1,94080,250009842,2657.417538,0.000000,24084480
0,ac,clear_256,2,94016,250026602,2659.404803,0.000000,24068096
0,ac,clear_256,3,93248,250165202,2682.794290,0.000000,23871488
0,ac,clear_256,4,92736,250145322,2697.391757,0.000000,23740416
0,ec,clear_256,0,123904,250118242,2018.645419,0.000000,31719424
0,ec,clear_256,1,127360,250097202,1963.702905,0.000000,32604160
0,ec,clear_256,2,127104,250068402,1967.431410,0.000000,32538624
0,ec,clear_256,3,127104,250079162,1967.516066,0.000000,32538624
0,ec,clear_256,4,124800,250059242,2003.679824,0.000000,31948800
1,ec,clear_256,0,124224,250018123,2012.639450,0.000000,31801344
1,ec,clear_256,1,127680,250061522,1958.501895,0.000000,32686080
1,ec,clear_256,2,127360,250121202,1963.891347,0.000000,32604160
1,ec,clear_256,3,123520,250104562,2024.810249,0.000000,31621120
1,ec,clear_256,4,108992,250124042,2294.884414,0.000000,27901952
1,ac,clear_256,0,92928,250006962,2690.329739,0.000000,23789568
1,ac,clear_256,1,95808,250130242,2610.744844,0.000000,24526848
1,ac,clear_256,2,95872,250029122,2607.947284,0.000000,24543232
1,ac,clear_256,3,96000,250079322,2604.992938,0.000000,24576000
1,ac,clear_256,4,95552,250099402,2617.416716,0.000000,24461312
1,ac,fanout_24,0,48576,250109882,5148.836504,0.000000,-1046477432842818048
1,ac,fanout_24,1,48512,250254842,5158.617291,0.000000,4860775910166752256
1,ac,fanout_24,2,51136,250274162,4894.285083,0.000000,2471061804998540800
1,ac,fanout_24,3,49344,250195922,5070.442648,0.000000,1853458745880544768
1,ac,fanout_24,4,45824,250085282,5457.517502,0.000000,-5289000715365017600
1,ec,fanout_24,0,32192,275106194,8545.793800,0.000000,-1422635666576052736
1,ec,fanout_24,1,27648,250415801,9057.284469,0.000000,-6282762008216248320
1,ec,fanout_24,2,47936,250100402,5217.381550,0.000000,2685823776124230144
1,ec,fanout_24,3,52032,250096602,4806.592136,0.000000,-6443508702297236992
1,ec,fanout_24,4,61248,250122922,4083.772891,0.000000,-8537762705035986432
1,ec,interleaved_256,0,30784,250207642,8127.846998,0.000000,-5085185013575184396
1,ec,interleaved_256,1,26432,252092198,9537.386426,0.000000,1309639734516554020
1,ec,interleaved_256,2,25280,250416522,9905.716851,0.000000,-1338022908331997956
1,ec,interleaved_256,3,28288,250279322,8847.543906,0.000000,-4672872715177196472
1,ec,interleaved_256,4,30976,250321362,8081.139011,0.000000,7653921476039275344
1,ac,interleaved_256,0,29376,250005402,8510.532475,0.000000,-6271578902200131076
1,ac,interleaved_256,1,25728,252679917,9821.203242,0.000000,-8506929246650695128
1,ac,interleaved_256,2,24896,250558681,10064.214372,0.000000,-8369491813851365820
1,ac,interleaved_256,3,23424,250366522,10688.461492,0.000000,4644489541361752536
1,ac,interleaved_256,4,28672,250328162,8730.753418,0.000000,2358596190342171392
1,ac,duplicates_128,0,77760,250068282,3215.898688,0.000000,395183883454190592
1,ac,duplicates_128,1,92544,250079442,2702.276128,0.000000,6892517398069053440
1,ac,duplicates_128,2,51456,250069562,4859.871774,0.000000,-2061418930848059392
1,ac,duplicates_128,3,105216,250043962,2376.482303,0.000000,-8620332816500551680
1,ac,duplicates_128,4,113856,250123962,2196.844804,0.000000,-2427508804880235520
1,ec,duplicates_128,0,106688,250057802,2343.823129,0.000000,-2782769891707206656
1,ec,duplicates_128,1,103360,250030682,2419.027496,0.000000,1663973479264801792
1,ec,duplicates_128,2,105152,250021043,2377.710771,0.000000,6364474769398932480
1,ec,duplicates_128,3,122624,250037443,2039.057958,0.000000,-7757555891349336064
1,ec,duplicates_128,4,120576,250095482,2074.172986,0.000000,-7859059059014184960
1,ec,reprioritize_128,0,87488,255142753,2916.317129,0.000000,-5710885740558524432
1,ec,reprioritize_128,1,101568,250054562,2461.942364,0.000000,1830967713203738544
1,ec,reprioritize_128,2,57216,250066962,4370.577496,0.000000,-712114981381405472
1,ec,reprioritize_128,3,68800,250080162,3634.886076,0.000000,-4652935698599069776
1,ec,reprioritize_128,4,61568,253102756,4110.946531,0.000000,-5759694270611435744
1,ac,reprioritize_128,0,62912,250030962,3974.296827,0.000000,3261244755871533040
1,ac,reprioritize_128,1,73600,250149002,3398.763614,0.000000,-6693535312334777120
1,ac,reprioritize_128,2,72000,250428441,3478.172792,0.000000,6284493941383493072
1,ac,reprioritize_128,3,64192,253446996,3948.264519,0.000000,3946867797122647856
1,ac,reprioritize_128,4,76480,250185762,3271.257348,0.000000,-539197451092380880
1,ac,sparse_256,0,67584,250120682,3700.886038,0.000000,-273519926910386176
1,ac,sparse_256,1,62080,250192842,4030.168202,0.000000,-8566254269118201856
1,ac,sparse_256,2,69504,250158722,3599.198924,0.000000,-5102598489553518592
1,ac,sparse_256,3,60992,250006522,4099.005148,0.000000,-3985102009582804992
1,ac,sparse_256,4,65152,250011682,3837.360050,0.000000,-5224733525121482752
1,ec,sparse_256,0,45504,250089642,5495.992484,0.000000,9144023359211757568
1,ec,sparse_256,1,79936,250087842,3128.600906,0.000000,7397570541542187008
1,ec,sparse_256,2,97728,250097522,2559.118390,0.000000,-7837100287682224128
1,ec,sparse_256,3,87232,250320602,2869.596043,0.000000,3804467262465925120
1,ec,sparse_256,4,85824,250012602,2913.084941,0.000000,-32906087746265088
1,ec,mixed_256,0,74432,250042682,3359.343857,0.000000,4009912823768391008
1,ec,mixed_256,1,78528,250008242,3183.682788,0.000000,-2145681928518851232
1,ec,mixed_256,2,81088,250129562,3084.668040,0.000000,7842129406583786080
1,ec,mixed_256,3,68416,250184842,3656.817733,0.000000,7286335093156043168
1,ec,mixed_256,4,75840,250197402,3299.016377,0.000000,-6176523404578277344
1,ac,mixed_256,0,57088,250185482,4382.453090,0.000000,-477410519096762496
1,ac,mixed_256,1,55360,250224162,4519.945123,0.000000,6154706283148382240
1,ac,mixed_256,2,52160,250236522,4797.479333,0.000000,7505000169552249312
1,ac,mixed_256,3,49984,250187761,5005.356934,0.000000,-1906976668970469984
1,ac,mixed_256,4,46464,250006962,5380.659478,0.000000,-4111002208668126528
1,ac,descending_16,0,1135168,250003322,220.234645,0.000000,1541736926053569024
1,ac,descending_16,1,1298112,250010122,192.595186,0.000000,3677707950095496704
1,ac,descending_16,2,1309120,250010122,190.975710,0.000000,-3554365216141824
1,ac,descending_16,3,1285248,250010723,194.523332,0.000000,6907163093354472448
1,ac,descending_16,4,1187520,250001682,210.524187,0.000000,-3524834361008130560
1,ec,descending_16,0,1189504,250005282,210.176075,0.000000,3319078158672147456
1,ec,descending_16,1,1166464,250004522,214.326822,0.000000,-3561751844306394112
1,ec,descending_16,2,1330560,250006163,187.895445,0.000000,762935087255415808
1,ec,descending_16,3,1446848,250007763,172.794767,0.000000,-2733739811564904960
1,ec,descending_16,4,1420160,250008362,176.042391,0.000000,-7322131484834964480
1,ec,ascending_16,0,1115520,250003322,224.113707,0.000000,1363600885895287808
1,ec,ascending_16,1,1145920,250005082,218.169752,0.000000,-4589403189629428224
1,ec,ascending_16,2,1201856,250007442,208.017801,0.000000,-2999144718472410624
1,ec,ascending_16,3,938176,251710439,268.297674,0.000000,-6316546977708590592
1,ec,ascending_16,4,1059776,250011242,235.909515,0.000000,6764924867611648512
1,ac,ascending_16,0,931904,250007682,268.276219,0.000000,-1049482171251294720
1,ac,ascending_16,1,1011456,250009802,247.178129,0.000000,-6491553461017671680
1,ac,ascending_16,2,1082752,250007562,230.900116,0.000000,1022979028723061760
1,ac,ascending_16,3,1125696,250716441,222.721268,0.000000,2982589413993305600
1,ac,ascending_16,4,672960,250005563,371.501372,0.000000,8220367434906409472
1,ac,same_64,0,375360,250026603,666.098154,0.000000,4248756887294003200
1,ac,same_64,1,331200,250627601,756.725848,0.000000,-2761712419579250688
1,ac,same_64,2,335744,250035762,744.721460,0.000000,-7868447038826614784
1,ac,same_64,3,383040,250020922,652.727971,0.000000,6270001291694114816
1,ac,same_64,4,358720,250007922,696.944475,0.000000,2943851356712019968
1,ec,same_64,0,425472,250137442,587.905766,0.000000,-6082222067974946816
1,ec,same_64,1,358400,250012842,697.580474,0.000000,8239933194693967872
1,ec,same_64,2,432192,250030082,578.516220,0.000000,-6619476223338543104
1,ec,same_64,3,433600,250019362,576.612920,0.000000,-407445792523831296
1,ec,same_64,4,392128,250027802,637.617824,0.000000,-3943467946800613376
1,ec,singleton_64,0,376832,250641601,665.128230,0.000000,759693312
1,ec,singleton_64,1,373376,250014803,669.605982,0.000000,752726016
1,ec,singleton_64,2,399744,250028602,625.471807,0.000000,805883904
1,ec,singleton_64,3,365248,250021762,684.526026,0.000000,736339968
1,ec,singleton_64,4,403648,250010242,619.376888,0.000000,813754368
1,ac,singleton_64,0,192128,250071922,1301.590200,0.000000,387330048
1,ac,singleton_64,1,197568,250037522,1265.577027,0.000000,398297088
1,ac,singleton_64,2,186688,250003602,1339.151965,0.000000,376363008
1,ac,singleton_64,3,191616,250017322,1304.783118,0.000000,386297856
1,ac,singleton_64,4,192128,250315322,1302.857064,0.000000,387330048
2,ac,singleton_64,0,188736,250164082,1325.470933,0.000000,380491776
2,ac,singleton_64,1,186496,250001882,1340.521416,0.000000,375975936
2,ac,singleton_64,2,196480,250032642,1272.560271,0.000000,396103680
2,ac,singleton_64,3,190784,250043842,1310.612221,0.000000,384620544
2,ac,singleton_64,4,176512,250228962,1417.631447,0.000000,355848192
2,ec,singleton_64,0,387008,250033643,646.068409,0.000000,780208128
2,ec,singleton_64,1,397696,250009202,628.643994,0.000000,801755136
2,ec,singleton_64,2,383232,250028682,652.421202,0.000000,772595712
2,ec,singleton_64,3,351296,252031639,717.433842,0.000000,708212736
2,ec,singleton_64,4,382272,250034082,654.073754,0.000000,770660352
2,ec,same_64,0,416704,250029882,600.017955,0.000000,-1164834667462166528
2,ec,same_64,1,443136,250041002,564.253417,0.000000,-6967383159967555584
2,ec,same_64,2,440000,250003522,568.189823,0.000000,4351381890094520320
2,ec,same_64,3,359232,250021282,695.988336,0.000000,1848818045424723968
2,ec,same_64,4,327808,250008602,762.667787,0.000000,9104569286126473216
2,ac,same_64,0,362944,250013362,688.848313,0.000000,3133198575446603776
2,ac,same_64,1,380992,250045162,656.300295,0.000000,-7796609536866252800
2,ac,same_64,2,364416,250147362,686.433532,0.000000,4596663823923015680
2,ac,same_64,3,388224,250023922,644.019746,0.000000,9017847070192406528
2,ac,same_64,4,375168,250020602,666.423048,0.000000,47708360599351296
2,ac,ascending_16,0,872512,250010003,286.540475,0.000000,638983721837739520
2,ac,ascending_16,1,903616,250003082,276.669605,0.000000,8023952591042376192
2,ac,ascending_16,2,988736,250017283,252.865561,0.000000,2423587623798902272
2,ac,ascending_16,3,1122112,250011882,222.804749,0.000000,-4548655881579411968
2,ac,ascending_16,4,1218880,250005202,205.110595,0.000000,-4119217711921105408
2,ec,ascending_16,0,1102464,250011723,226.775408,0.000000,5551340006953905152
2,ec,ascending_16,1,938368,250002242,266.422387,0.000000,675035475164787712
2,ec,ascending_16,2,643712,250009362,388.386984,0.000000,782634006542740480
2,ec,ascending_16,3,666816,250001643,374.918483,0.000000,5850657827472923136
2,ec,ascending_16,4,1111552,250337442,225.214333,0.000000,-1704065241714634752
2,ec,descending_16,0,1253568,250004002,199.433937,0.000000,-7165664179168410112
2,ec,descending_16,1,1387584,250000483,180.169621,0.000000,7647280104087052800
2,ec,descending_16,2,1259840,250002202,198.439645,0.000000,-7547151398477641216
2,ec,descending_16,3,650944,251150160,385.824526,0.000000,3888687484007314944
2,ec,descending_16,4,606400,250007682,412.281797,0.000000,-6954684645256591872
2,ac,descending_16,0,1270144,250005962,196.832770,0.000000,8955239095387491328
2,ac,descending_16,1,1245696,250003003,200.693430,0.000000,5548226563343388672
2,ac,descending_16,2,1336832,250000042,187.009319,0.000000,381447867946184704
2,ac,descending_16,3,1258880,250040282,198.621220,0.000000,-147709284556100608
2,ac,descending_16,4,734848,250001962,340.209080,0.000000,6502838121840882688
2,ac,mixed_256,0,50816,250132602,4922.319781,0.000000,-3733792605332239552
2,ac,mixed_256,1,55424,250237522,4514.966837,0.000000,3176221353626776640
2,ac,mixed_256,2,52352,250260482,4780.342336,0.000000,-1430454619012567488
2,ac,mixed_256,3,53952,250120962,4635.990547,0.000000,-2105601562214501024
2,ac,mixed_256,4,55104,250200522,4540.514699,0.000000,-378098072474746976
2,ec,mixed_256,0,79744,250031482,3135.426891,0.000000,-3396663368300702784
2,ec,mixed_256,1,79296,250131202,3154.398734,0.000000,-994012935359015200
2,ec,mixed_256,2,81280,250179522,3077.996088,0.000000,-1093325381981030720
2,ec,mixed_256,3,78400,250119922,3190.305128,0.000000,3811287930524359968
2,ec,mixed_256,4,81600,250106322,3065.028456,0.000000,2460994044120492896
2,ec,sparse_256,0,92032,250137122,2717.936392,0.000000,955142892712869888
2,ec,sparse_256,1,100224,250010642,2494.518698,0.000000,-8580879197005430784
2,ec,sparse_256,2,97216,250068442,2572.297173,0.000000,829351625173098496
2,ec,sparse_256,3,98688,250017722,2533.415633,0.000000,-1028267532149014528
2,ec,sparse_256,4,99584,250152402,2511.973831,0.000000,-6971186342791053312
2,ac,sparse_256,0,72000,250153202,3474.350028,0.000000,-5846377398876725248
2,ac,sparse_256,1,75200,250035562,3324.940984,0.000000,4551902403760939008
2,ac,sparse_256,2,72832,250122123,3434.233894,0.000000,-6094303701984460800
2,ac,sparse_256,3,69120,251148080,3633.508102,0.000000,-7826131591766802432
2,ac,sparse_256,4,73152,250079082,3418.622621,0.000000,2324221907763126272
2,ac,reprioritize_128,0,56832,250491242,4407.573937,0.000000,4616221328356125568
2,ac,reprioritize_128,1,75712,250113242,3303.482169,0.000000,-8329268905326870416
2,ac,reprioritize_128,2,74432,250111402,3360.267116,0.000000,-9014891946577985232
2,ac,reprioritize_128,3,79104,250076362,3161.361777,0.000000,9167364616641702720
2,ac,reprioritize_128,4,70400,250157482,3553.373324,0.000000,815779121392211648
2,ec,reprioritize_128,0,93952,250119642,2662.206680,0.000000,6052545450928903616
2,ec,reprioritize_128,1,111104,250032042,2250.432406,0.000000,7861196574210021504
2,ec,reprioritize_128,2,94528,250008522,2644.809178,0.000000,7283413023177382864
2,ec,reprioritize_128,3,113216,250117602,2209.207197,0.000000,6225462981217928208
2,ec,reprioritize_128,4,108928,250013603,2295.218888,0.000000,1161614181970260832
2,ec,duplicates_128,0,124800,250036802,2003.500016,0.000000,-732179748064352256
2,ec,duplicates_128,1,115712,250051563,2160.982119,0.000000,5734928973063962624
2,ec,duplicates_128,2,112384,250069482,2225.134201,0.000000,-8265071729673580544
2,ec,duplicates_128,3,130688,250031402,1913.193269,0.000000,4171327877399476224
2,ec,duplicates_128,4,129408,250093922,1932.600164,0.000000,8719574416036333568
2,ac,duplicates_128,0,111040,250070722,2252.077828,0.000000,-7178761678846790656
2,ac,duplicates_128,1,114048,250077762,2192.741319,0.000000,7958300658549966848
2,ac,duplicates_128,2,115648,250103042,2162.623150,0.000000,2272992485253895168
2,ac,duplicates_128,3,115264,250080442,2169.631819,0.000000,-51882367896957952
2,ac,duplicates_128,4,116480,250060963,2146.814586,0.000000,-8062065394343882752
2,ac,interleaved_256,0,31168,250255562,8029.246727,0.000000,1946283891944183468
2,ac,interleaved_256,1,24320,338968232,13937.838487,0.000000,8753420938433909808
2,ac,interleaved_256,2,30464,250404722,8219.692818,0.000000,-7870285089223065680
2,ac,interleaved_256,3,32064,250448322,7810.888286,0.000000,6055215289016340740
2,ac,interleaved_256,4,32000,250471081,7827.221281,0.000000,1808846459144854160
2,ec,interleaved_256,0,29312,250054723,8530.797046,0.022653,7928796341637933960
2,ec,interleaved_256,1,30016,250137603,8333.475580,0.000000,-701378750904368508
2,ec,interleaved_256,2,30336,250044482,8242.500066,0.000000,2083721324743512776
2,ec,interleaved_256,3,29888,250516241,8381.833545,0.000000,-9194116410647341668
2,ec,interleaved_256,4,30336,250259921,8249.601826,0.000000,2083721324743512776
2,ec,fanout_24,0,59200,250135122,4225.255439,0.000000,-3973096465825252864
2,ec,fanout_24,1,51584,250267322,4851.646286,0.000000,-1986223448649348096
2,ec,fanout_24,2,60672,250010482,4120.689643,0.000000,7734029234631043072
2,ec,fanout_24,3,61312,250205041,4080.849442,0.000000,4001728025663994880
2,ec,fanout_24,4,60352,250087202,4143.809683,0.000000,376807802259791360
2,ac,fanout_24,0,34944,250292202,7162.666037,0.000000,2819887615946146816
2,ac,fanout_24,1,35456,250013843,7051.383207,0.000000,-7544650980711312384
2,ac,fanout_24,2,30720,250157802,8143.157617,0.000000,5316982706677202944
2,ac,fanout_24,3,43648,252600038,5787.207615,0.000000,-7356571863844695040
2,ac,fanout_24,4,36864,250012842,6782.032389,0.000000,-8377016010954997760
2,ac,clear_256,0,76288,250113962,3278.549208,0.000000,19529728
2,ac,clear_256,1,83136,250031963,3007.505329,0.000000,21282816
2,ac,clear_256,2,82816,250077202,3019.672551,0.000000,21200896
2,ac,clear_256,3,87872,250144282,2846.689298,0.000000,22495232
2,ac,clear_256,4,83136,250138362,3008.785147,0.000000,21282816
2,ec,clear_256,0,110272,250034122,2267.430735,0.000000,28229632
2,ec,clear_256,1,114880,250138842,2177.392427,0.000000,29409280
2,ec,clear_256,2,114688,250103282,2180.727557,0.000000,29360128
2,ec,clear_256,3,116864,250129242,2140.344691,0.000000,29917184
2,ec,clear_256,4,118272,250103162,2114.643889,0.000000,30277632
